Thiết bị các môn thể thao bóng/Bóng đá,,Mandatory,Mandatory,Mandatory,,,,,,,,,,,,,,Mandatory,,,,,Mandatory,Mandatory,,,,Optional,Mandatory,Optional,Forbid,Forbid,Optional,Forbid,Optional,Optional,Optional,Mandatory,Mandatory,Optional
Đồ thể thao & ngoài trời/Áo thể thao,,Mandatory,Mandatory,Mandatory,,,,,,,,,,,,,,Mandatory,,,,,Mandatory,Mandatory,,Mandatory,,Forbid,Mandatory,Optional,Optional,Optional,Forbid,Forbid,Forbid,Forbid,Optional,Mandatory,Mandatory,Optional
Thiết bị các môn thể thao bóng/Cầu lông,,Mandatory,Mandatory,Mandatory,,,,,,,,,,,,,,Mandatory,,,,,Mandatory,Mandatory,,,,Optional,Mandatory,Optional,Forbid,Forbid,Optional,Optional,Optional,Optional,Forbid,Mandatory,Mandatory,Optional
Thiết bị giải trí ngoài trời & thư giãn/Yoga & Pilates,,Mandatory,Mandatory,Mandatory,,,,,,,,,,,,,,Mandatory,,,,,Mandatory,Mandatory,,,,Optional,Mandatory,Optional,Forbid,Forbid,Optional,Optional,Forbid,Optional,Forbid,Mandatory,Mandatory,Optional
Thiết bị thể thao dưới nước/Lướt ván,,Mandatory,Mandatory,Mandatory,,,,,,,,,,,,,,Mandatory,,,,,Mandatory,Mandatory,,,,Optional,Mandatory,Optional,Forbid,Forbid,Optional,Optional,Optional,Optional,Forbid,Mandatory,Mandatory,Optional
Giày thể thao/Giày khiêu vũ,,Mandatory,Mandatory,Mandatory,,,,,,,,,,,,,,Mandatory,,,,,Mandatory,Mandatory,,Mandatory,,Forbid,Mandatory,Forbid,Optional,Optional,Forbid,Forbid,Forbid,Forbid,Optional,Mandatory,Mandatory,Optional
Thiết bị các môn thể thao bóng/Tennis,,Mandatory,Mandatory,Mandatory,,,,,,,,,,,,,,Mandatory,,,,,Mandatory,Mandatory,,,,Forbid,Mandatory,Optional,Forbid,Forbid,Forbid,Forbid,Optional,Forbid,Optional,Mandatory,Mandatory,Optional
Thiết bị giải trí ngoài trời & thư giãn/Điền kinh trong sân vận động,,Mandatory,Mandatory,Mandatory,,,,,,,,,,,,,,Mandatory,,,,,Mandatory,Mandatory,,,,Optional,Mandatory,Optional,Forbid,Forbid,Optional,Forbid,Forbid,Forbid,Forbid,Mandatory,Mandatory,Optional
Thiết bị giải trí ngoài trời & thư giãn/Quyền anh & Võ thuật,,Mandatory,Mandatory,Mandatory,,,,,,,,,,,,,,Mandatory,,,,,Mandatory,Mandatory,,,,Optional,Mandatory,Optional,Forbid,Forbid,Optional,Optional,Forbid,Optional,Forbid,Mandatory,Mandatory,Optional
Thiết bị giải trí ngoài trời & thư giãn/Judo,,Mandatory,Mandatory,Mandatory,,,,,,,,,,,,,,Mandatory,,,,,Mandatory,Mandatory,,,,Optional,Mandatory,Optional,Forbid,Forbid,Optional,Forbid,Forbid,Forbid,Forbid,Mandatory,Mandatory,Optional
Thiết bị giải trí ngoài trời & thư giãn/Đấu vật,,Mandatory,Mandatory,Mandatory,,,,,,,,,,,,,,Mandatory,,,,,Mandatory,Mandatory,,,,Optional,Mandatory,Optional,Forbid,Forbid,Optional,Forbid,Forbid,Forbid,Forbid,Mandatory,Mandatory,Optional
Thiết bị giải trí ngoài trời & thư giãn/Taekwondo,,Mandatory,Mandatory,Mandatory,,,,,,,,,,,,,,Mandatory,,,,,Mandatory,Mandatory,,,,Optional,Mandatory,Optional,Forbid,Forbid,Optional,Forbid,Forbid,Forbid,Forbid,Mandatory,Mandatory,Optional
Thiết bị các môn thể thao bóng/Bida & Snooker,,Mandatory,Mandatory,Mandatory,,,,,,,,,,,,,,Mandatory,,,,,Mandatory,Mandatory,,,,Optional,Mandatory,Optional,Forbid,Forbid,Optional,Optional,Optional,Optional,Optional,Mandatory,Mandatory,Optional
Thiết bị tập thể hình/Vòng lắc eo,,Mandatory,Mandatory,Mandatory,,,,,,,,,,,,,,Mandatory,,,,,Mandatory,Mandatory,,,,Optional,Mandatory,Optional,Forbid,Forbid,Optional,Forbid,Forbid,Forbid,Forbid,Mandatory,Mandatory,Optional
Thiết bị tập thể hình/Tập bụng,,Mandatory,Mandatory,Mandatory,,,,,,,,,,,,,,Mandatory,,,,,Mandatory,Mandatory,,,,Optional,Mandatory,Optional,Forbid,Forbid,Optional,Forbid,Forbid,Forbid,Forbid,Mandatory,Mandatory,Optional
Thiết bị tập thể hình/Bóng tập gym,,Mandatory,Mandatory,Mandatory,,,,,,,,,,,,,,Mandatory,,,,,Mandatory,Mandatory,,,,Optional,Mandatory,Optional,Forbid,Forbid,Optional,Forbid,Forbid,Forbid,Forbid,Mandatory,Mandatory,Optional
Phụ kiện thể thao & ngoài trời/Máy đếm bước chân,,Mandatory,Mandatory,Mandatory,,,,,,,,,,,,,,Mandatory,,,,,Mandatory,Mandatory,,,,Optional,Mandatory,Optional,Forbid,Forbid,Optional,Forbid,Forbid,Forbid,Forbid,Mandatory,Mandatory,Optional
Thiết bị tập thể hình/Dây nhảy,,Mandatory,Mandatory,Mandatory,,,,,,,,,,,,,,Mandatory,,,,,Mandatory,Mandatory,,,,Optional,Mandatory,Optional,Forbid,Forbid,Optional,Optional,Forbid,Forbid,Forbid,Mandatory,Mandatory,Optional
Thiết bị các môn thể thao bóng/Bóng bàn,,Mandatory,Mandatory,Mandatory,,,,,,,,,,,,,,Mandatory,,,,,Mandatory,Mandatory,,,,Optional,Mandatory,Optional,Forbid,Forbid,Optional,Optional,Optional,Optional,Optional,Mandatory,Mandatory,Optional
Thiết bị các môn thể thao bóng/Bóng chuyền,,Mandatory,Mandatory,Mandatory,,,,,,,,,,,,,,Mandatory,,,,,Mandatory,Mandatory,,,,Optional,Mandatory,Optional,Forbid,Forbid,Optional,Forbid,Optional,Optional,Optional,Mandatory,Mandatory,Optional
Thiết bị giải trí ngoài trời & thư giãn/Cưỡi ngựa,,Mandatory,Mandatory,Mandatory,,,,,,,,,,,,,,Mandatory,,,,,Mandatory,Mandatory,,,,Optional,Mandatory,Optional,Forbid,Forbid,Optional,Forbid,Forbid,Optional,Forbid,Mandatory,Mandatory,Optional
Thiết bị giải trí ngoài trời & thư giãn/Trượt ván,,Mandatory,Mandatory,Mandatory,,,,,,,,,,,,,,Mandatory,,,,,Mandatory,Mandatory,,,,Optional,Mandatory,Optional,Forbid,Forbid,Optional,Optional,Optional,Optional,Forbid,Mandatory,Mandatory,Optional
Thiết bị các môn thể thao bóng/Bóng rổ,,Mandatory,Mandatory,Mandatory,,,,,,,,,,,,,,Mandatory,,,,,Mandatory,Mandatory,,,,Forbid,Mandatory,Optional,Forbid,Forbid,Forbid,Forbid,Optional,Optional,Optional,Mandatory,Mandatory,Optional
Thiết bị các môn thể thao bóng/Golf,,Mandatory,Mandatory,Mandatory,,,,,,,,,,,,,,Mandatory,,,,,Mandatory,Mandatory,,,,Forbid,Mandatory,Optional,Forbid,Forbid,Forbid,Forbid,Optional,Forbid,Optional,Mandatory,Mandatory,Optional
Giày thể thao/Giày chơi gôn,,Mandatory,Mandatory,Mandatory,,,,,,,,,,,,,,Mandatory,,,,,Mandatory,Mandatory,,Mandatory,,Forbid,Mandatory,Forbid,Optional,Optional,Forbid,Forbid,Forbid,Forbid,Optional,Mandatory,Mandatory,Optional
Thiết bị thể thao mùa đông/Khúc côn cầu trên băng,,Mandatory,Mandatory,Mandatory,,,,,,,,,,,,,,Mandatory,,,,,Mandatory,Mandatory,,,,Optional,Mandatory,Optional,Forbid,Forbid,Optional,Optional,Forbid,Optional,Forbid,Mandatory,Mandatory,Optional
Thiết bị các môn thể thao bóng/Bóng quần,,Mandatory,Mandatory,Mandatory,,,,,,,,,,,,,,Mandatory,,,,,Mandatory,Mandatory,,,,Optional,Mandatory,Optional,Forbid,Forbid,Optional,Optional,Optional,Optional,Optional,Mandatory,Mandatory,Optional
Thiết bị các môn thể thao bóng/Bowling,,Mandatory,Mandatory,Mandatory,,,,,,,,,,,,,,Mandatory,,,,,Mandatory,Mandatory,,,,Optional,Mandatory,Optional,Forbid,Forbid,Optional,Optional,Optional,Optional,Optional,Mandatory,Mandatory,Optional
Thiết bị các môn thể thao bóng/Bóng chày,,Mandatory,Mandatory,Mandatory,,,,,,,,,,,,,,Mandatory,,,,,Mandatory,Mandatory,,,,Optional,Mandatory,Optional,Forbid,Forbid,Optional,Optional,Optional,Optional,Optional,Mandatory,Mandatory,Optional
Phụ kiện thể thao & ngoài trời/Mũ thể thao & ngoài trời,,Mandatory,Mandatory,Mandatory,,,,,,,,,,,,,,Mandatory,,,,,Mandatory,Mandatory,,,,Forbid,Mandatory,Forbid,Optional,Optional,Forbid,Forbid,Optional,Forbid,Optional,Mandatory,Mandatory,Optional
Phụ kiện thể thao & ngoài trời/Túi thể thao,,Mandatory,Mandatory,Mandatory,,,,,,,,,,,,,,Mandatory,,,,,Mandatory,Mandatory,,,,Forbid,Mandatory,Forbid,Optional,Optional,Forbid,Forbid,Optional,Forbid,Optional,Mandatory,Mandatory,Optional
Đồ thể thao & ngoài trời/Quần jogger,,Mandatory,Mandatory,Mandatory,,,,,,,,,,,,,,Mandatory,,,,,Mandatory,Mandatory,,Mandatory,,Forbid,Mandatory,Optional,Optional,Optional,Optional,Forbid,Forbid,Forbid,Optional,Mandatory,Mandatory,Optional
Đồ thể thao & ngoài trời/Bộ quần áo thể thao,,Mandatory,Mandatory,Mandatory,,,,,,,,,,,,,,Mandatory,,,,,Mandatory,Mandatory,,Mandatory,,Forbid,Mandatory,Optional,Optional,Optional,Optional,Forbid,Forbid,Forbid,Optional,Mandatory,Mandatory,Optional
Đồ thể thao & ngoài trời/Đồ mặc ngoài theo phong cách thể thao & áo hoodie,,Mandatory,Mandatory,Mandatory,,,,,,,,,,,,,,Mandatory,,,,,Mandatory,Mandatory,,Mandatory,,Forbid,Mandatory,Forbid,Optional,Optional,Optional,Forbid,Forbid,Forbid,Optional,Mandatory,Mandatory,Optional
Đồ thể thao & ngoài trời/Áo lót thể thao,,Mandatory,Mandatory,Mandatory,,,,,,,,,,,,,,Mandatory,,,,,Mandatory,Mandatory,,Mandatory,,Forbid,Mandatory,Optional,Optional,Optional,Optional,Forbid,Forbid,Forbid,Optional,Mandatory,Mandatory,Optional
Giày thể thao/Giày bóng chày,,Mandatory,Mandatory,Mandatory,,,,,,,,,,,,,,Mandatory,,,,,Mandatory,Mandatory,,Mandatory,,Forbid,Mandatory,Forbid,Optional,Optional,Forbid,Forbid,Forbid,Forbid,Optional,Mandatory,Mandatory,Optional
Giày thể thao/Giày bóng rổ,,Mandatory,Mandatory,Mandatory,,,,,,,,,,,,,,Mandatory,,,,,Mandatory,Mandatory,,Mandatory,,Forbid,Mandatory,Forbid,Optional,Optional,Forbid,Forbid,Forbid,Forbid,Optional,Mandatory,Mandatory,Optional
Giày thể thao/Giày bóng chuyền,,Mandatory,Mandatory,Mandatory,,,,,,,,,,,,,,Mandatory,,,,,Mandatory,Mandatory,,Mandatory,,Forbid,Mandatory,Forbid,Optional,Optional,Forbid,Forbid,Forbid,Forbid,Optional,Mandatory,Mandatory,Optional
Giày thể thao/Giày chạy bộ,,Mandatory,Mandatory,Mandatory,,,,,,,,,,,,,,Mandatory,,,,,Mandatory,Mandatory,,Mandatory,,Forbid,Mandatory,Forbid,Optional,Optional,Forbid,Forbid,Forbid,Forbid,Optional,Mandatory,Mandatory,Optional
Giày thể thao/Giày chơi tennis,,Mandatory,Mandatory,Mandatory,,,,,,,,,,,,,,Mandatory,,,,,Mandatory,Mandatory,,Mandatory,,Forbid,Mandatory,Forbid,Optional,Optional,Forbid,Forbid,Forbid,Forbid,Optional,Mandatory,Mandatory,Optional
Giày thể thao/Giày cầu lông,,Mandatory,Mandatory,Mandatory,,,,,,,,,,,,,,Mandatory,,,,,Mandatory,Mandatory,,Mandatory,,Forbid,Mandatory,Forbid,Optional,Optional,Forbid,Forbid,Forbid,Forbid,Optional,Mandatory,Mandatory,Optional
Giày thể thao/Giày bóng đá,,Mandatory,Mandatory,Mandatory,,,,,,,,,,,,,,Mandatory,,,,,Mandatory,Mandatory,,Mandatory,,Forbid,Mandatory,Forbid,Optional,Optional,Forbid,Forbid,Forbid,Forbid,Optional,Mandatory,Mandatory,Optional
Thiết bị giải trí ngoài trời & thư giãn/Câu cá,,Mandatory,Mandatory,Mandatory,,,,,,,,,,,,,,Mandatory,,,,,Mandatory,Mandatory,,,,Optional,Mandatory,Optional,Forbid,Forbid,Optional,Optional,Forbid,Optional,Forbid,Mandatory,Mandatory,Optional
Thiết bị cắm trại & đi bộ đường dài/Dao & Bộ dụng cụ sinh tồn,,Mandatory,Mandatory,Mandatory,,,,,,,,,,,,,,Mandatory,,,,,Mandatory,Mandatory,,,,Optional,Mandatory,Optional,Forbid,Forbid,Optional,Forbid,Forbid,Forbid,Forbid,Mandatory,Mandatory,Optional
Giày thể thao/Giày đi bộ đường dài,,Mandatory,Mandatory,Mandatory,,,,,,,,,,,,,,Mandatory,,,,,Mandatory,Mandatory,,Mandatory,,Forbid,Mandatory,Forbid,Optional,Optional,Forbid,Forbid,Forbid,Forbid,Optional,Mandatory,Mandatory,Optional
Phụ kiện thể thao & ngoài trời/Đồ bảo hộ,,Mandatory,Mandatory,Mandatory,,,,,,,,,,,,,,Mandatory,,,,,Mandatory,Mandatory,,,,Forbid,Mandatory,Optional,Forbid,Forbid,Forbid,Forbid,Optional,Forbid,Forbid,Mandatory,Mandatory,Optional
Thiết bị cắm trại & đi bộ đường dài/Đồ dùng bếp cắm trại,,Mandatory,Mandatory,Mandatory,,,,,,,,,,,,,,Mandatory,,,,,Mandatory,Mandatory,,,,Optional,Mandatory,Optional,Forbid,Forbid,Optional,Forbid,Forbid,Forbid,Forbid,Mandatory,Mandatory,Optional
Thiết bị cắm trại & đi bộ đường dài/Võng,,Mandatory,Mandatory,Mandatory,,,,,,,,,,,,,,Mandatory,,,,,Mandatory,Mandatory,,,,Optional,Mandatory,Optional,Forbid,Forbid,Optional,Optional,Forbid,Forbid,Forbid,Mandatory,Mandatory,Optional
Thiết bị cắm trại & đi bộ đường dài/Đèn cắm trại,,Mandatory,Mandatory,Mandatory,,,,,,,,,,,,,,Mandatory,,,,,Mandatory,Mandatory,,,,Optional,Mandatory,Optional,Forbid,Forbid,Optional,Forbid,Forbid,Forbid,Forbid,Mandatory,Mandatory,Optional
Thiết bị cắm trại & đi bộ đường dài/Túi ngủ & Bộ chăn ga gối đệm,,Mandatory,Mandatory,Mandatory,,,,,,,,,,,,,,Mandatory,,,,,Mandatory,Mandatory,,,,Optional,Mandatory,Optional,Forbid,Forbid,Optional,Optional,Forbid,Forbid,Forbid,Mandatory,Mandatory,Optional
Thiết bị cắm trại & đi bộ đường dài/La bàn,,Mandatory,Mandatory,Mandatory,,,,,,,,,,,,,,Mandatory,,,,,Mandatory,Mandatory,,,,Optional,Mandatory,Optional,Forbid,Forbid,Optional,Forbid,Forbid,Forbid,Forbid,Mandatory,Mandatory,Optional
Thiết bị cắm trại & đi bộ đường dài/Ống nhòm & Kính thiên văn,,Mandatory,Mandatory,Mandatory,,,,,,,,,,,,,,Mandatory,,,,,Mandatory,Mandatory,,,,Optional,Mandatory,Optional,Forbid,Forbid,Optional,Forbid,Forbid,Forbid,Forbid,Mandatory,Mandatory,Optional
Thiết bị giải trí ngoài trời & thư giãn/Giải trí trong nhà,,Mandatory,Mandatory,Mandatory,,,,,,,,,,,,,,Mandatory,,,,,Mandatory,Mandatory,,,,Optional,Mandatory,Optional,Forbid,Forbid,Optional,Optional,Forbid,Forbid,Forbid,Mandatory,Mandatory,Optional
Thiết bị thể thao mùa đông/Trượt tuyết,,Mandatory,Mandatory,Mandatory,,,,,,,,,,,,,,Mandatory,,,,,Mandatory,Mandatory,,,,Optional,Mandatory,Optional,Forbid,Forbid,Optional,Optional,Forbid,Optional,Forbid,Mandatory,Mandatory,Optional
Thiết bị thể thao dưới nước/Lặn,,Mandatory,Mandatory,Mandatory,,,,,,,,,,,,,,Mandatory,,,,,Mandatory,Mandatory,,,,Optional,Mandatory,Optional,Forbid,Forbid,Optional,Forbid,Optional,Optional,Forbid,Mandatory,Mandatory,Optional
Thiết bị cắm trại & đi bộ đường dài/Lều & Phụ kiện,,Mandatory,Mandatory,Mandatory,,,,,,,,,,,,,,Mandatory,,,,,Mandatory,Mandatory,,,,Optional,Mandatory,Optional,Forbid,Forbid,Optional,Forbid,Forbid,Forbid,Forbid,Mandatory,Mandatory,Optional
Đồ thể thao & ngoài trời/Đồ bơi trẻ em,,Mandatory,Mandatory,Mandatory,,,,,,,,,,,,,,Mandatory,,,,,Mandatory,Mandatory,,Mandatory,,Forbid,Mandatory,Optional,Forbid,Optional,Forbid,Forbid,Forbid,Forbid,Optional,Mandatory,Mandatory,Optional
Thiết bị tập thể hình/Thiết bị tập thể hình dưới nước,,Mandatory,Mandatory,Mandatory,,,,,,,,,,,,,,Mandatory,,,,,Mandatory,Mandatory,,,,Forbid,Mandatory,Forbid,Forbid,Forbid,Forbid,Forbid,Forbid,Forbid,Forbid,Mandatory,Mandatory,Optional
Thiết bị tập thể hình/Thiết bị tập luyện sự nhanh nhạy,,Mandatory,Mandatory,Mandatory,,,,,,,,,,,,,,Mandatory,,,,,Mandatory,Mandatory,,,,Forbid,Mandatory,Forbid,Forbid,Forbid,Forbid,Forbid,Forbid,Forbid,Forbid,Mandatory,Mandatory,Optional
Phụ kiện thể thao & ngoài trời/Ống tay thể thao & hỗ trợ,,Mandatory,Mandatory,Mandatory,,,,,,,,,,,,,,Mandatory,,,,,Mandatory,Mandatory,,Mandatory,,Forbid,Mandatory,Forbid,Forbid,Forbid,Forbid,Forbid,Forbid,Forbid,Forbid,Mandatory,Mandatory,Optional
Phụ kiện thể thao & ngoài trời/Trang bị cho huấn luyện viên & trọng tài,,Mandatory,Mandatory,Mandatory,,,,,,,,,,,,,,Mandatory,,,,,Mandatory,Mandatory,,,,Forbid,Mandatory,Forbid,Forbid,Forbid,Forbid,Forbid,Forbid,Forbid,Forbid,Mandatory,Mandatory,Optional
"Phụ kiện thể thao & ngoài trời/Danh hiệu, huy chương & giải thưởng",,Mandatory,Mandatory,Mandatory,,,,,,,,,,,,,,Mandatory,,,,,Mandatory,Mandatory,,,,Forbid,Mandatory,Forbid,Forbid,Forbid,Forbid,Forbid,Forbid,Forbid,Forbid,Mandatory,Mandatory,Optional
Phụ kiện thể thao & ngoài trời/Phấn viết tay,,Mandatory,Mandatory,Mandatory,,,,,,,,,,,,,,Mandatory,,,,,Mandatory,Mandatory,,,,Forbid,Mandatory,Forbid,Forbid,Forbid,Forbid,Forbid,Forbid,Forbid,Forbid,Mandatory,Mandatory,Optional
"Đồ bơi, đồ lướt sóng & đồ lặn/Đồ lặn",,Mandatory,Mandatory,Mandatory,,,,,,,,,,,,,,Mandatory,,,,,Mandatory,Mandatory,,Mandatory,,Forbid,Mandatory,Forbid,Forbid,Forbid,Forbid,Forbid,Forbid,Forbid,Forbid,Mandatory,Mandatory,Optional
Đồ thể thao & ngoài trời/Áo mưa thể thao,,Mandatory,Mandatory,Mandatory,,,,,,,,,,,,,,Mandatory,,,,,Mandatory,Mandatory,,Mandatory,,Forbid,Mandatory,Forbid,Forbid,Forbid,Forbid,Forbid,Forbid,Forbid,Forbid,Mandatory,Mandatory,Optional
Đồ thể thao & ngoài trời/Đồ lót giữ ấm thể thao,,Mandatory,Mandatory,Mandatory,,,,,,,,,,,,,,Mandatory,,,,,Mandatory,Mandatory,,Mandatory,,Forbid,Mandatory,Forbid,Forbid,Forbid,Forbid,Forbid,Forbid,Forbid,Forbid,Mandatory,Mandatory,Optional
Giày thể thao/Giày lội nước,,Mandatory,Mandatory,Mandatory,,,,,,,,,,,,,,Mandatory,,,,,Mandatory,Mandatory,,Mandatory,,Forbid,Mandatory,Forbid,Forbid,Forbid,Forbid,Forbid,Forbid,Forbid,Forbid,Mandatory,Mandatory,Optional
Đồ thể thao & ngoài trời/Áo thun thể thao,,Mandatory,Mandatory,Mandatory,,,,,,,,,,,,,,Mandatory,,,,,Mandatory,Mandatory,,Mandatory,,Forbid,Mandatory,Optional,Optional,Optional,Optional,Forbid,Forbid,Forbid,Optional,Mandatory,Mandatory,Optional
Đồ thể thao & ngoài trời/Áo khoác thể thao,,Mandatory,Mandatory,Mandatory,,,,,,,,,,,,,,Mandatory,,,,,Mandatory,Mandatory,,Mandatory,,Forbid,Mandatory,Optional,Optional,Optional,Optional,Forbid,Forbid,Forbid,Optional,Mandatory,Mandatory,Optional
Đồ thể thao & ngoài trời/Quần short thể thao,,Mandatory,Mandatory,Mandatory,,,,,,,,,,,,,,Mandatory,,,,,Mandatory,Mandatory,,Mandatory,,Forbid,Mandatory,Optional,Optional,Optional,Optional,Forbid,Forbid,Forbid,Optional,Mandatory,Mandatory,Optional
Đồ thể thao & ngoài trời/Quần legging thể thao,,Mandatory,Mandatory,Mandatory,,,,,,,,,,,,,,Mandatory,,,,,Mandatory,Mandatory,,Mandatory,,Forbid,Mandatory,Optional,Optional,Optional,Optional,Forbid,Forbid,Forbid,Optional,Mandatory,Mandatory,Optional
Đồ thể thao & ngoài trời/Trang phục thể thao trẻ em,,Mandatory,Mandatory,Mandatory,,,,,,,,,,,,,,Mandatory,,,,,Mandatory,Mandatory,,Mandatory,,Forbid,Mandatory,Optional,Optional,Optional,Optional,Forbid,Forbid,Forbid,Optional,Mandatory,Mandatory,Optional
Giày thể thao/Giày tập luyện & Giày tập gym,,Mandatory,Mandatory,Mandatory,,,,,,,,,,,,,,Mandatory,,,,,Mandatory,Mandatory,,Mandatory,,Forbid,Mandatory,Forbid,Optional,Optional,Forbid,Forbid,Forbid,Forbid,Optional,Mandatory,Mandatory,Optional
Giày thể thao/Giày trượt băng & trượt patin,,Mandatory,Mandatory,Mandatory,,,,,,,,,,,,,,Mandatory,,,,,Mandatory,Mandatory,,Mandatory,,Forbid,Mandatory,Forbid,Optional,Optional,Forbid,Forbid,Forbid,Forbid,Optional,Mandatory,Mandatory,Optional
Giày thể thao/Giày thể thao trẻ em,,Mandatory,Mandatory,Mandatory,,,,,,,,,,,,,,Mandatory,,,,,Mandatory,Mandatory,,Mandatory,,Forbid,Mandatory,Forbid,Optional,Optional,Forbid,Forbid,Forbid,Forbid,Optional,Mandatory,Mandatory,Optional
Phụ kiện thể thao & ngoài trời/Kính mắt thể thao,,Mandatory,Mandatory,Mandatory,,,,,,,,,,,,,,Mandatory,,,,,Mandatory,Mandatory,,,,Forbid,Mandatory,Optional,Forbid,Optional,Forbid,Forbid,Forbid,Forbid,Forbid,Mandatory,Mandatory,Optional
Phụ kiện thể thao & ngoài trời/Tất thể thao,,Mandatory,Mandatory,Mandatory,,,,,,,,,,,,,,Mandatory,,,,,Mandatory,Mandatory,,,,Forbid,Mandatory,Optional,Optional,Optional,Forbid,Forbid,Optional,Forbid,Optional,Mandatory,Mandatory,Optional
Phụ kiện thể thao & ngoài trời/Đồng hồ bấm giờ và đồng hồ hẹn giờ,,Mandatory,Mandatory,Mandatory,,,,,,,,,,,,,,Mandatory,,,,,Mandatory,Mandatory,,,,Optional,Mandatory,Optional,Forbid,Forbid,Optional,Forbid,Forbid,Forbid,Forbid,Mandatory,Mandatory,Optional
Thiết bị các môn thể thao bóng/Bóng bầu dục Rugby,,Mandatory,Mandatory,Mandatory,,,,,,,,,,,,,,Mandatory,,,,,Mandatory,Mandatory,,,,Forbid,Mandatory,Optional,Forbid,Forbid,Forbid,Forbid,Optional,Optional,Optional,Mandatory,Mandatory,Optional
Thiết bị thể thao dưới nước/Bơi lội,,Mandatory,Mandatory,Mandatory,,,,,,,,,,,,,,Mandatory,,,,,Mandatory,Mandatory,,,,Optional,Mandatory,Optional,Forbid,Forbid,Optional,Forbid,Optional,Optional,Forbid,Mandatory,Mandatory,Optional
Thiết bị thể thao dưới nước/Chèo thuyền,,Mandatory,Mandatory,Mandatory,,,,,,,,,,,,,,Mandatory,,,,,Mandatory,Mandatory,,,,Optional,Mandatory,Optional,Forbid,Forbid,Optional,Forbid,Forbid,Optional,Forbid,Mandatory,Mandatory,Optional
Thiết bị thể thao mùa đông/Trượt ván trên tuyết,,Mandatory,Mandatory,Mandatory,,,,,,,,,,,,,,Mandatory,,,,,Mandatory,Mandatory,,,,Optional,Mandatory,Optional,Forbid,Forbid,Optional,Optional,Forbid,Optional,Forbid,Mandatory,Mandatory,Optional
Thiết bị tập thể hình/Tập tạ,,Mandatory,Mandatory,Mandatory,,,,,,,,,,,,,,Mandatory,,,,,Mandatory,Mandatory,,,,Optional,Mandatory,Optional,Forbid,Forbid,Optional,Forbid,Forbid,Forbid,Forbid,Mandatory,Mandatory,Optional
Thiết bị tập thể hình/Máy tập thể hình,,Mandatory,Mandatory,Mandatory,,,,,,,,,,,,,,Mandatory,,,,,Mandatory,Mandatory,,,,Optional,Mandatory,Optional,Forbid,Forbid,Optional,Forbid,Forbid,Forbid,Forbid,Mandatory,Mandatory,Optional
Thiết bị tập thể hình/Xà đơn,,Mandatory,Mandatory,Mandatory,,,,,,,,,,,,,,Mandatory,,,,,Mandatory,Mandatory,,,,Optional,Mandatory,Optional,Forbid,Forbid,Optional,Forbid,Forbid,Forbid,Forbid,Mandatory,Mandatory,Optional
Thiết bị cắm trại & đi bộ đường dài/Gậy đi bộ đường dài,,Mandatory,Mandatory,Mandatory,,,,,,,,,,,,,,Mandatory,,,,,Mandatory,Mandatory,,,,Optional,Mandatory,Optional,Forbid,Forbid,Optional,Optional,Forbid,Forbid,Forbid,Mandatory,Mandatory,Optional
Thiết bị cắm trại & đi bộ đường dài/Thảm & Giỏ dã ngoại,,Mandatory,Mandatory,Mandatory,,,,,,,,,,,,,,Mandatory,,,,,Mandatory,Mandatory,,,,Optional,Mandatory,Optional,Forbid,Forbid,Optional,Optional,Forbid,Forbid,Forbid,Mandatory,Mandatory,Optional
Thiết bị cắm trại & đi bộ đường dài/Nội thất cắm trại,,Mandatory,Mandatory,Mandatory,,,,,,,,,,,,,,Mandatory,,,,,Mandatory,Mandatory,,,,Optional,Mandatory,Optional,Forbid,Forbid,Optional,Forbid,Forbid,Forbid,Forbid,Mandatory,Mandatory,Optional
Thiết bị tập thể hình/Thảm thể thao,,Mandatory,Mandatory,Mandatory,,,,,,,,,,,,,,Mandatory,,,,,Mandatory,Mandatory,,,,Forbid,Mandatory,Forbid,Forbid,Forbid,Forbid,Forbid,Forbid,Forbid,Forbid,Mandatory,Mandatory,Optional
"Đồ bơi, đồ lướt sóng & đồ lặn/Quần bơi ngắn và quần bơi",,Mandatory,Mandatory,Mandatory,,,,,,,,,,,,,,Mandatory,,,,,Mandatory,Mandatory,,Mandatory,,Forbid,Mandatory,Optional,Forbid,Optional,Forbid,Forbid,Forbid,Forbid,Optional,Mandatory,Mandatory,Optional
"Đồ bơi, đồ lướt sóng & đồ lặn/Quần lót",,Mandatory,Mandatory,Mandatory,,,,,,,,,,,,,,Mandatory,,,,,Mandatory,Mandatory,,Mandatory,,Forbid,Mandatory,Optional,Forbid,Optional,Forbid,Forbid,Forbid,Forbid,Optional,Mandatory,Mandatory,Optional
"Đồ bơi, đồ lướt sóng & đồ lặn/Đồ bơi dài tay",,Mandatory,Mandatory,Mandatory,,,,,,,,,,,,,,Mandatory,,,,,Mandatory,Mandatory,,Mandatory,,Forbid,Mandatory,Optional,Forbid,Optional,Forbid,Forbid,Forbid,Forbid,Optional,Mandatory,Mandatory,Optional
"Đồ bơi, đồ lướt sóng & đồ lặn/Đồ bơi thi đấu",,Mandatory,Mandatory,Mandatory,,,,,,,,,,,,,,Mandatory,,,,,Mandatory,Mandatory,,Mandatory,,Forbid,Mandatory,Optional,Forbid,Optional,Forbid,Forbid,Forbid,Forbid,Optional,Mandatory,Mandatory,Optional
"Đồ bơi, đồ lướt sóng & đồ lặn/Bikini",,Mandatory,Mandatory,Mandatory,,,,,,,,,,,,,,Mandatory,,,,,Mandatory,Mandatory,,Mandatory,,Forbid,Mandatory,Optional,Forbid,Forbid,Forbid,Forbid,Forbid,Forbid,Optional,Mandatory,Mandatory,Optional
"Đồ bơi, đồ lướt sóng & đồ lặn/Tankini",,Mandatory,Mandatory,Mandatory,,,,,,,,,,,,,,Mandatory,,,,,Mandatory,Mandatory,,Mandatory,,Forbid,Mandatory,Optional,Forbid,Forbid,Forbid,Forbid,Forbid,Forbid,Optional,Mandatory,Mandatory,Optional
"Đồ bơi, đồ lướt sóng & đồ lặn/Đầm bơi",,Mandatory,Mandatory,Mandatory,,,,,,,,,,,,,,Mandatory,,,,,Mandatory,Mandatory,,Mandatory,,Forbid,Mandatory,Optional,Forbid,Forbid,Forbid,Forbid,Forbid,Forbid,Optional,Mandatory,Mandatory,Optional
"Đồ bơi, đồ lướt sóng & đồ lặn/Đồ bơi một mảnh",,Mandatory,Mandatory,Mandatory,,,,,,,,,,,,,,Mandatory,,,,,Mandatory,Mandatory,,Mandatory,,Forbid,Mandatory,Optional,Forbid,Forbid,Forbid,Forbid,Forbid,Forbid,Optional,Mandatory,Mandatory,Optional
"Đồ bơi, đồ lướt sóng & đồ lặn/Áo choàng đi biển",,Mandatory,Mandatory,Mandatory,,,,,,,,,,,,,,Mandatory,,,,,Mandatory,Mandatory,,Mandatory,,Forbid,Mandatory,Optional,Forbid,Forbid,Forbid,Forbid,Forbid,Forbid,Optional,Mandatory,Mandatory,Optional
Thiết bị các môn thể thao bóng/Bóng bầu dục Mỹ,,Mandatory,Mandatory,Mandatory,,,,,,,,,,,,,,Mandatory,,,,,Mandatory,Mandatory,,,,Optional,Mandatory,Optional,Forbid,Forbid,Optional,Optional,Optional,Optional,Optional,Mandatory,Mandatory,Optional
Thiết bị các môn thể thao bóng/Bóng gậy,,Mandatory,Mandatory,Mandatory,,,,,,,,,,,,,,Mandatory,,,,,Mandatory,Mandatory,,,,Forbid,Mandatory,Optional,Forbid,Forbid,Forbid,Forbid,Optional,Optional,Optional,Mandatory,Mandatory,Optional
Cửa hàng dành cho người hâm mộ/Giải bóng đá Ngoại hạng Anh,,Mandatory,Mandatory,Mandatory,,,,,,,,,,,,,,Mandatory,,,,,Mandatory,Mandatory,,,,Forbid,Mandatory,Optional,Forbid,Forbid,Forbid,Forbid,Forbid,Forbid,Forbid,Mandatory,Mandatory,Optional
Cửa hàng dành cho người hâm mộ/Bóng rổ,,Mandatory,Mandatory,Mandatory,,,,,,,,,,,,,,Mandatory,,,,,Mandatory,Mandatory,,,,Optional,Mandatory,Optional,Forbid,Forbid,Optional,Forbid,Optional,Optional,Optional,Mandatory,Mandatory,Optional
Cửa hàng dành cho người hâm mộ/Bóng gậy,,Mandatory,Mandatory,Mandatory,,,,,,,,,,,,,,Mandatory,,,,,Mandatory,Mandatory,,,,Optional,Mandatory,Optional,Forbid,Forbid,Optional,Optional,Optional,Optional,Optional,Mandatory,Mandatory,Optional
Cửa hàng dành cho người hâm mộ/Golf,,Mandatory,Mandatory,Mandatory,,,,,,,,,,,,,,Mandatory,,,,,Mandatory,Mandatory,,,,Optional,Mandatory,Optional,Forbid,Forbid,Optional,Optional,Optional,Forbid,Optional,Mandatory,Mandatory,Optional
Cửa hàng dành cho người hâm mộ/Chơi game,,Mandatory,Mandatory,Mandatory,,,,,,,,,,,,,,Mandatory,,,,,Mandatory,Mandatory,,,,Forbid,Mandatory,Optional,Forbid,Forbid,Forbid,Forbid,Forbid,Forbid,Forbid,Mandatory,Mandatory,Optional
Cửa hàng dành cho người hâm mộ/Bóng bầu dục Rugby,,Mandatory,Mandatory,Mandatory,,,,,,,,,,,,,,Mandatory,,,,,Mandatory,Mandatory,,,,Optional,Mandatory,Optional,Forbid,Forbid,Optional,Optional,Optional,Optional,Optional,Mandatory,Mandatory,Optional
Cửa hàng dành cho người hâm mộ/Tennis,,Mandatory,Mandatory,Mandatory,,,,,,,,,,,,,,Mandatory,,,,,Mandatory,Mandatory,,,,Optional,Mandatory,Optional,Forbid,Forbid,Optional,Optional,Optional,Optional,Forbid,Mandatory,Mandatory,Optional
Thiết bị tập thể hình/Dây kéo đàn hồi,,Mandatory,Mandatory,Mandatory,,,,,,,,,,,,,,Mandatory,,,,,Mandatory,Mandatory,,,,Optional,Mandatory,Optional,Forbid,Forbid,Optional,Forbid,Forbid,Forbid,Forbid,Mandatory,Mandatory,Optional
Thiết bị giải trí ngoài trời & thư giãn/Trượt patin,,Mandatory,Mandatory,Mandatory,,,,,,,,,,,,,,Mandatory,,,,,Mandatory,Mandatory,,,,Optional,Mandatory,Optional,Forbid,Forbid,Optional,Forbid,Forbid,Forbid,Forbid,Mandatory,Mandatory,Optional
Thiết bị tập thể hình/Xe trượt scooter & Xe ngồi lái,,Mandatory,Mandatory,Mandatory,,,,,,,,,,,,,,Mandatory,,,,,Mandatory,Mandatory,,,,Optional,Mandatory,Optional,Forbid,Forbid,Optional,Forbid,Forbid,Forbid,Forbid,Mandatory,Mandatory,Optional
Phụ kiện thể thao & ngoài trời/Bình nước thể thao,,Mandatory,Mandatory,Mandatory,,,,,,,,,,,,,,Mandatory,,,,,Mandatory,Mandatory,,,,Optional,Mandatory,Optional,Forbid,Forbid,Optional,Forbid,Forbid,Forbid,Forbid,Mandatory,Mandatory,Optional
Đồ thể thao & ngoài trời/Đồ khiêu vũ & Trang phục khiêu vũ,,Mandatory,Mandatory,Mandatory,,,,,,,,,,,,,,Mandatory,,,,,Mandatory,Mandatory,,Mandatory,,Forbid,Mandatory,Optional,Optional,Optional,Optional,Forbid,Forbid,Forbid,Optional,Mandatory,Mandatory,Optional
Đồ thể thao & ngoài trời/Chân váy thể thao,,Mandatory,Mandatory,Mandatory,,,,,,,,,,,,,,Mandatory,,,,,Mandatory,Mandatory,,Mandatory,,Forbid,Mandatory,Optional,Optional,Optional,Optional,Forbid,Forbid,Forbid,Optional,Mandatory,Mandatory,Optional
Đồ thể thao & ngoài trời/Váy liền thể thao,,Mandatory,Mandatory,Mandatory,,,,,,,,,,,,,,Mandatory,,,,,Mandatory,Mandatory,,Mandatory,,Forbid,Mandatory,Optional,Optional,Optional,Optional,Forbid,Forbid,Forbid,Optional,Mandatory,Mandatory,Optional
Phụ kiện thể thao & ngoài trời/Găng tay thể thao,,Mandatory,Mandatory,Mandatory,,,,,,,,,,,,,,Mandatory,,,,,Mandatory,Mandatory,,,,Forbid,Mandatory,Forbid,Optional,Optional,Forbid,Forbid,Optional,Forbid,Optional,Mandatory,Mandatory,Optional
Phụ kiện thể thao & ngoài trời/Băng đô thể thao,,Mandatory,Mandatory,Mandatory,,,,,,,,,,,,,,Mandatory,,,,,Mandatory,Mandatory,,,,Forbid,Mandatory,Optional,Optional,Optional,Forbid,Forbid,Optional,Forbid,Optional,Mandatory,Mandatory,Optional
Phụ kiện thể thao & ngoài trời/Vòng tay thể thao,,Mandatory,Mandatory,Mandatory,,,,,,,,,,,,,,Mandatory,,,,,Mandatory,Mandatory,,,,Forbid,Mandatory,Optional,Optional,Optional,Forbid,Forbid,Optional,Forbid,Optional,Mandatory,Mandatory,Optional
Phụ kiện thể thao & ngoài trời/Băng thể thao,,Mandatory,Mandatory,Mandatory,,,,,,,,,,,,,,Mandatory,,,,,Mandatory,Mandatory,,,,Forbid,Mandatory,Optional,Optional,Optional,Forbid,Forbid,Optional,Forbid,Optional,Mandatory,Mandatory,Optional
Phụ kiện thể thao & ngoài trời/Túi đựng giày,,Mandatory,Mandatory,Mandatory,,,,,,,,,,,,,,Mandatory,,,,,Mandatory,Mandatory,,,,Forbid,Mandatory,Forbid,Optional,Optional,Forbid,Forbid,Optional,Forbid,Optional,Mandatory,Mandatory,Optional
Phụ kiện thể thao & ngoài trời/Áo phao cứu hộ,,Mandatory,Mandatory,Mandatory,,,,,,,,,,,,,,Mandatory,,,,,Mandatory,Mandatory,,,,Forbid,Mandatory,Forbid,Optional,Optional,Forbid,Forbid,Optional,Forbid,Optional,Mandatory,Mandatory,Optional
Phụ kiện thể thao & ngoài trời/Mũ bơi,,Mandatory,Mandatory,Mandatory,,,,,,,,,,,,,,Mandatory,,,,,Mandatory,Mandatory,,,,Forbid,Mandatory,Optional,Optional,Optional,Forbid,Forbid,Optional,Forbid,Optional,Mandatory,Mandatory,Optional
Thiết bị thể thao mùa đông/Trượt băng,,Mandatory,Mandatory,Mandatory,,,,,,,,,,,,,,Mandatory,,,,,Mandatory,Mandatory,,,,Optional,Mandatory,Optional,Forbid,Forbid,Optional,Optional,Forbid,Optional,Forbid,Mandatory,Mandatory,Optional
Thiết bị thể thao mùa đông/Bi đá trên băng,,Mandatory,Mandatory,Mandatory,,,,,,,,,,,,,,Mandatory,,,,,Mandatory,Mandatory,,,,Optional,Mandatory,Optional,Forbid,Forbid,Optional,Optional,Forbid,Forbid,Forbid,Mandatory,Mandatory,Optional
Thiết bị thể thao mùa đông/Trượt ván,,Mandatory,Mandatory,Mandatory,,,,,,,,,,,,,,Mandatory,,,,,Mandatory,Mandatory,,,,Optional,Mandatory,Optional,Forbid,Forbid,Optional,Optional,Forbid,Optional,Forbid,Mandatory,Mandatory,Optional
Thiết bị thể thao mùa đông/Trượt tuyết bằng giầy,,Mandatory,Mandatory,Mandatory,,,,,,,,,,,,,,Mandatory,,,,,Mandatory,Mandatory,,,,Optional,Mandatory,Optional,Forbid,Forbid,Optional,Optional,Forbid,Optional,Forbid,Mandatory,Mandatory,Optional
Thiết bị thể thao dưới nước/Chèo ca nô,,Mandatory,Mandatory,Mandatory,,,,,,,,,,,,,,Mandatory,,,,,Mandatory,Mandatory,,,,Optional,Mandatory,Optional,Forbid,Forbid,Optional,Optional,Optional,Optional,Forbid,Mandatory,Mandatory,Optional
Thiết bị thể thao dưới nước/Chèo kayak,,Mandatory,Mandatory,Mandatory,,,,,,,,,,,,,,Mandatory,,,,,Mandatory,Mandatory,,,,Optional,Mandatory,Optional,Forbid,Forbid,Optional,Optional,Optional,Optional,Forbid,Mandatory,Mandatory,Optional
Thiết bị thể thao dưới nước/Lướt ván diều,,Mandatory,Mandatory,Mandatory,,,,,,,,,,,,,,Mandatory,,,,,Mandatory,Mandatory,,,,Optional,Mandatory,Optional,Forbid,Forbid,Optional,Optional,Optional,Optional,Forbid,Mandatory,Mandatory,Optional
Thiết bị thể thao dưới nước/Đua thuyền & Đội thuyền,,Mandatory,Mandatory,Mandatory,,,,,,,,,,,,,,Mandatory,,,,,Mandatory,Mandatory,,,,Optional,Mandatory,Optional,Forbid,Forbid,Optional,Optional,Optional,Optional,Forbid,Mandatory,Mandatory,Optional
Thiết bị thể thao dưới nước/Đi thuyền,,Mandatory,Mandatory,Mandatory,,,,,,,,,,,,,,Mandatory,,,,,Mandatory,Mandatory,,,,Optional,Mandatory,Optional,Forbid,Forbid,Optional,Optional,Optional,Optional,Forbid,Mandatory,Mandatory,Optional
Thiết bị thể thao dưới nước/Chèo ván đứng,,Mandatory,Mandatory,Mandatory,,,,,,,,,,,,,,Mandatory,,,,,Mandatory,Mandatory,,,,Optional,Mandatory,Optional,Forbid,Forbid,Optional,Optional,Optional,Optional,Forbid,Mandatory,Mandatory,Optional
Thiết bị thể thao dưới nước/Trượt nước & Lướt ván ca nô,,Mandatory,Mandatory,Mandatory,,,,,,,,,,,,,,Mandatory,,,,,Mandatory,Mandatory,,,,Optional,Mandatory,Optional,Forbid,Forbid,Optional,Optional,Optional,Optional,Forbid,Mandatory,Mandatory,Optional
Thiết bị thể thao dưới nước/Bóng nước,,Mandatory,Mandatory,Mandatory,,,,,,,,,,,,,,Mandatory,,,,,Mandatory,Mandatory,,,,Optional,Mandatory,Optional,Forbid,Forbid,Optional,Optional,Optional,Optional,Forbid,Mandatory,Mandatory,Optional
Thiết bị thể thao dưới nước/Lướt ván buồm,,Mandatory,Mandatory,Mandatory,,,,,,,,,,,,,,Mandatory,,,,,Mandatory,Mandatory,,,,Optional,Mandatory,Optional,Forbid,Forbid,Optional,Optional,Optional,Optional,Forbid,Mandatory,Mandatory,Optional
Thiết bị các môn thể thao bóng/Bóng ném Mỹ,,Mandatory,Mandatory,Mandatory,,,,,,,,,,,,,,Mandatory,,,,,Mandatory,Mandatory,,,,Optional,Mandatory,Optional,Forbid,Forbid,Optional,Optional,Optional,Optional,Optional,Mandatory,Mandatory,Optional
Thiết bị các môn thể thao bóng/Bóng ném,,Mandatory,Mandatory,Mandatory,,,,,,,,,,,,,,Mandatory,,,,,Mandatory,Mandatory,,,,Optional,Mandatory,Optional,Forbid,Forbid,Optional,Optional,Optional,Optional,Optional,Mandatory,Mandatory,Optional
Thiết bị các môn thể thao bóng/Bóng đá trong nhà,,Mandatory,Mandatory,Mandatory,,,,,,,,,,,,,,Mandatory,,,,,Mandatory,Mandatory,,,,Optional,Mandatory,Optional,Forbid,Forbid,Optional,Optional,Optional,Optional,Optional,Mandatory,Mandatory,Optional
Thiết bị các môn thể thao bóng/Khúc côn cầu,,Mandatory,Mandatory,Mandatory,,,,,,,,,,,,,,Mandatory,,,,,Mandatory,Mandatory,,,,Optional,Mandatory,Optional,Forbid,Forbid,Optional,Optional,Optional,Optional,Optional,Mandatory,Mandatory,Optional
Thiết bị các môn thể thao bóng/Bóng lưới,,Mandatory,Mandatory,Mandatory,,,,,,,,,,,,,,Mandatory,,,,,Mandatory,Mandatory,,,,Optional,Mandatory,Optional,Forbid,Forbid,Optional,Optional,Optional,Optional,Optional,Mandatory,Mandatory,Optional
Thiết bị các môn thể thao bóng/Mã cầu,,Mandatory,Mandatory,Mandatory,,,,,,,,,,,,,,Mandatory,,,,,Mandatory,Mandatory,,,,Optional,Mandatory,Optional,Forbid,Forbid,Optional,Optional,Optional,Optional,Optional,Mandatory,Mandatory,Optional
Thiết bị các môn thể thao bóng/Bóng mềm,,Mandatory,Mandatory,Mandatory,,,,,,,,,,,,,,Mandatory,,,,,Mandatory,Mandatory,,,,Optional,Mandatory,Optional,Forbid,Forbid,Optional,Optional,Optional,Optional,Optional,Mandatory,Mandatory,Optional
Thiết bị giải trí ngoài trời & thư giãn/Ba lê & Khiêu vũ,,Mandatory,Mandatory,Mandatory,,,,,,,,,,,,,,Mandatory,,,,,Mandatory,Mandatory,,,,Optional,Mandatory,Optional,Forbid,Forbid,Optional,Forbid,Forbid,Forbid,Forbid,Mandatory,Mandatory,Optional
Thiết bị giải trí ngoài trời & thư giãn/Võ Karate,,Mandatory,Mandatory,Mandatory,,,,,,,,,,,,,,Mandatory,,,,,Mandatory,Mandatory,,,,Optional,Mandatory,Optional,Forbid,Forbid,Optional,Forbid,Forbid,Forbid,Forbid,Mandatory,Mandatory,Optional
Thiết bị giải trí ngoài trời & thư giãn/Leo núi,,Mandatory,Mandatory,Mandatory,,,,,,,,,,,,,,Mandatory,,,,,Mandatory,Mandatory,,,,Optional,Mandatory,Optional,Forbid,Forbid,Optional,Forbid,Forbid,Forbid,Forbid,Mandatory,Mandatory,Optional
Thiết bị giải trí ngoài trời & thư giãn/Trò chơi giả lập quân sự nhập vai,,Mandatory,Mandatory,Mandatory,,,,,,,,,,,,,,Mandatory,,,,,Mandatory,Mandatory,,,,Optional,Mandatory,Optional,Forbid,Forbid,Optional,Forbid,Forbid,Forbid,Forbid,Mandatory,Mandatory,Optional
Thiết bị giải trí ngoài trời & thư giãn/Nhảy cổ vũ,,Mandatory,Mandatory,Mandatory,,,,,,,,,,,,,,Mandatory,,,,,Mandatory,Mandatory,,,,Optional,Mandatory,Optional,Forbid,Forbid,Optional,Forbid,Forbid,Forbid,Forbid,Mandatory,Mandatory,Optional
Thiết bị giải trí ngoài trời & thư giãn/Thể dục dụng cụ,,Mandatory,Mandatory,Mandatory,,,,,,,,,,,,,,Mandatory,,,,,Mandatory,Mandatory,,,,Optional,Mandatory,Optional,Forbid,Forbid,Optional,Forbid,Forbid,Forbid,Forbid,Mandatory,Mandatory,Optional
Thiết bị giải trí ngoài trời & thư giãn/Thể dục nhịp điệu,,Mandatory,Mandatory,Mandatory,,,,,,,,,,,,,,Mandatory,,,,,Mandatory,Mandatory,,,,Optional,Mandatory,Optional,Forbid,Forbid,Optional,Forbid,Forbid,Forbid,Forbid,Mandatory,Mandatory,Optional
Thiết bị giải trí ngoài trời & thư giãn/Thể thao đĩa bay,,Mandatory,Mandatory,Mandatory,,,,,,,,,,,,,,Mandatory,,,,,Mandatory,Mandatory,,,,Optional,Mandatory,Optional,Forbid,Forbid,Optional,Forbid,Forbid,Forbid,Forbid,Mandatory,Mandatory,Optional
Thiết bị giải trí ngoài trời & thư giãn/Chạy,,Mandatory,Mandatory,Mandatory,,,,,,,,,,,,,,Mandatory,,,,,Mandatory,Mandatory,,,,Optional,Mandatory,Optional,Forbid,Forbid,Optional,Forbid,Forbid,Forbid,Forbid,Mandatory,Mandatory,Optional
Thiết bị giải trí ngoài trời & thư giãn/Nhảy dù,,Mandatory,Mandatory,Mandatory,,,,,,,,,,,,,,Mandatory,,,,,Mandatory,Mandatory,,,,Optional,Mandatory,Optional,Forbid,Forbid,Optional,Forbid,Forbid,Forbid,Forbid,Mandatory,Mandatory,Optional
Thiết bị giải trí ngoài trời & thư giãn/Ba môn phối hợp,,Mandatory,Mandatory,Mandatory,,,,,,,,,,,,,,Mandatory,,,,,Mandatory,Mandatory,,,,Optional,Mandatory,Optional,Forbid,Forbid,Optional,Forbid,Forbid,Forbid,Forbid,Mandatory,Mandatory,Optional
Thiết bị giải trí ngoài trời & thư giãn/Đua,,Mandatory,Mandatory,Mandatory,,,,,,,,,,,,,,Mandatory,,,,,Mandatory,Mandatory,,,,Optional,Mandatory,Optional,Forbid,Forbid,Optional,Forbid,Forbid,Forbid,Forbid,Mandatory,Mandatory,Optional
Thiết bị giải trí ngoài trời & thư giãn/Thể thao điện tử,,Mandatory,Mandatory,Mandatory,,,,,,,,,,,,,,Mandatory,,,,,Mandatory,Mandatory,,,,Optional,Mandatory,Optional,Forbid,Forbid,Optional,Forbid,Forbid,Forbid,Forbid,Mandatory,Mandatory,Mandatory
Thiết bị tập thể hình/Giàn nhún,,Mandatory,Mandatory,Mandatory,,,,,,,,,,,,,,Mandatory,,,,,Mandatory,Mandatory,,,,Optional,Mandatory,Optional,Forbid,Forbid,Optional,Forbid,Forbid,Forbid,Forbid,Mandatory,Mandatory,Optional
Thiết bị tập thể hình/Bộ tập tăng cường sức mạnh cho tay,,Mandatory,Mandatory,Mandatory,,,,,,,,,,,,,,Mandatory,,,,,Mandatory,Mandatory,,,,Optional,Mandatory,Optional,Forbid,Forbid,Optional,Forbid,Forbid,Forbid,Forbid,Mandatory,Mandatory,Optional
Thiết bị tập thể hình/Bộ dây tập kháng lực,,Mandatory,Mandatory,Mandatory,,,,,,,,,,,,,,Mandatory,,,,,Mandatory,Mandatory,,,,Optional,Mandatory,Optional,Forbid,Forbid,Optional,Forbid,Forbid,Forbid,Forbid,Mandatory,Mandatory,Optional
Thiết bị tập thể hình/Phụ kiện máy tập thể dục,,Mandatory,Mandatory,Mandatory,,,,,,,,,,,,,,Mandatory,,,,,Mandatory,Mandatory,,,,Optional,Mandatory,Optional,Forbid,Forbid,Optional,Forbid,Forbid,Forbid,Forbid,Mandatory,Mandatory,Optional
Thiết bị tập thể hình/Thiết bị tập luyện cân bằng,,Mandatory,Mandatory,Mandatory,,,,,,,,,,,,,,Mandatory,,,,,Mandatory,Mandatory,,,,Optional,Mandatory,Optional,Forbid,Forbid,Optional,Forbid,Forbid,Forbid,Forbid,Mandatory,Mandatory,Optional
"Thiết bị cắm trại & đi bộ đường dài/Máy lọc nước, máy lọc và bảo quản",,Mandatory,Mandatory,Mandatory,,,,,,,,,,,,,,Mandatory,,,,,Mandatory,Mandatory,,,,Optional,Mandatory,Optional,Forbid,Forbid,Optional,Forbid,Forbid,Forbid,Forbid,Mandatory,Mandatory,Optional
Thiết bị cắm trại & đi bộ đường dài/vệ sinh cắm trại,,Mandatory,Mandatory,Mandatory,,,,,,,,,,,,,,Mandatory,,,,,Mandatory,Mandatory,,,,Optional,Mandatory,Optional,Forbid,Forbid,Optional,Forbid,Forbid,Forbid,Forbid,Mandatory,Mandatory,Optional
Phụ kiện thể thao & ngoài trời/Khăn che mặt & khẩu trang,,Mandatory,Mandatory,Mandatory,,,,,,,,,,,,,,Mandatory,,,,,Mandatory,Mandatory,,,,Forbid,Mandatory,Optional,Optional,Optional,Forbid,Forbid,Optional,Forbid,Optional,Mandatory,Mandatory,Optional
Giày thể thao/Giày sandal thể theo,,Mandatory,Mandatory,Mandatory,,,,,,,,,,,,,,Mandatory,,,,,Mandatory,Mandatory,,Mandatory,,Forbid,Mandatory,Forbid,Optional,Optional,Forbid,Forbid,Forbid,Forbid,Optional,Mandatory,Mandatory,Optional
Giày thể thao/Giày đạp xe,,Mandatory,Mandatory,Mandatory,,,,,,,,,,,,,,Mandatory,,,,,Mandatory,Mandatory,,Mandatory,,Forbid,Mandatory,Forbid,Optional,Optional,Forbid,Forbid,Forbid,Forbid,Optional,Mandatory,Mandatory,Optional
Giày thể thao/Giày futsal,,Mandatory,Mandatory,Mandatory,,,,,,,,,,,,,,Mandatory,,,,,Mandatory,Mandatory,,Mandatory,,Forbid,Mandatory,Forbid,Optional,Optional,Forbid,Forbid,Forbid,Forbid,Optional,Mandatory,Mandatory,Optional
Giày thể thao/Giày trượt ván,,Mandatory,Mandatory,Mandatory,,,,,,,,,,,,,,Mandatory,,,,,Mandatory,Mandatory,,Mandatory,,Forbid,Mandatory,Forbid,Optional,Optional,Forbid,Forbid,Forbid,Forbid,Optional,Mandatory,Mandatory,Optional
Giày thể thao/Giày đi bộ,,Mandatory,Mandatory,Mandatory,,,,,,,,,,,,,,Mandatory,,,,,Mandatory,Mandatory,,Mandatory,,Forbid,Mandatory,Forbid,Optional,Optional,Forbid,Forbid,Forbid,Forbid,Optional,Mandatory,Mandatory,Optional
Đồ thể thao & ngoài trời/Áo bơi dài tay,,Mandatory,Mandatory,Mandatory,,,,,,,,,,,,,,Mandatory,,,,,Mandatory,Mandatory,,Mandatory,,Forbid,Mandatory,Optional,Optional,Optional,Optional,Forbid,Forbid,Forbid,Optional,Mandatory,Mandatory,Optional
Đồ thể thao & ngoài trời/Quần áo lót thể thao,,Mandatory,Mandatory,Mandatory,,,,,,,,,,,,,,Mandatory,,,,,Mandatory,Mandatory,,Mandatory,,Forbid,Mandatory,Optional,Optional,Optional,Optional,Forbid,Forbid,Forbid,Optional,Mandatory,Mandatory,Optional
Giày thể thao/Phụ kiện giày thể thao,,Mandatory,Mandatory,Mandatory,,,,,,,,,,,,,,Mandatory,,,,,Mandatory,Mandatory,,,,Forbid,Mandatory,Forbid,Optional,Optional,Forbid,Forbid,Forbid,Forbid,Optional,Mandatory,Mandatory,Optional
Thiết bị cắm trại & đi bộ đường dài/Quạt cắm trại,,Mandatory,Mandatory,Mandatory,,,,,,,,,,,,,,Mandatory,,,,,Mandatory,Mandatory,,,,Optional,Mandatory,Forbid,Forbid,Forbid,Forbid,Forbid,Forbid,Forbid,Forbid,Mandatory,Mandatory,Forbid
Thiết bị giải trí ngoài trời & thư giãn/Đạp xe/Đồ bảo hộ,,Mandatory,Mandatory,Mandatory,,,,,,,,,,,,,,Mandatory,,,,,Mandatory,Mandatory,,,,Optional,Mandatory,Optional,Forbid,Forbid,Optional,Optional,Optional,Optional,Forbid,Mandatory,Mandatory,Optional
Thiết bị giải trí ngoài trời & thư giãn/Đạp xe/Đèn & kính hậu,,Mandatory,Mandatory,Mandatory,,,,,,,,,,,,,,Mandatory,,,,,Mandatory,Mandatory,,,,Optional,Mandatory,Optional,Forbid,Forbid,Optional,Optional,Optional,Optional,Forbid,Mandatory,Mandatory,Optional
Thiết bị giải trí ngoài trời & thư giãn/Đạp xe/Kính,,Mandatory,Mandatory,Mandatory,,,,,,,,,,,,,,Mandatory,,,,,Mandatory,Mandatory,,,,Optional,Mandatory,Optional,Forbid,Forbid,Optional,Optional,Optional,Optional,Forbid,Mandatory,Mandatory,Optional
Thiết bị giải trí ngoài trời & thư giãn/Đạp xe/Phụ kiện & mũ bảo hiểm cho xe đạp,,Mandatory,Mandatory,Mandatory,,,,,,,,,,,,,,Mandatory,,,,,Mandatory,Mandatory,,,,Optional,Mandatory,Optional,Forbid,Forbid,Optional,Optional,Optional,Optional,Forbid,Mandatory,Mandatory,Optional
Thiết bị giải trí ngoài trời & thư giãn/Đạp xe/Kid's Bikes & Accessories/Đồ bảo hộ,,Mandatory,Mandatory,Mandatory,,,,,,,,,,,,,,Mandatory,,,,,Mandatory,Mandatory,,,,Optional,Mandatory,Optional,Forbid,Forbid,Optional,Optional,Optional,Optional,Forbid,Mandatory,Mandatory,Optional
Thiết bị giải trí ngoài trời & thư giãn/Đạp xe/Kid's Bikes & Accessories/Mũ bảo hiểm,,Mandatory,Mandatory,Mandatory,,,,,,,,,,,,,,Mandatory,,,,,Mandatory,Mandatory,,,,Optional,Mandatory,Optional,Forbid,Forbid,Optional,Optional,Optional,Optional,Forbid,Mandatory,Mandatory,Optional
Thiết bị giải trí ngoài trời & thư giãn/Đạp xe/Kid's Bikes & Accessories/Phụ kiện xe đạp,,Mandatory,Mandatory,Mandatory,,,,,,,,,,,,,,Mandatory,,,,,Mandatory,Mandatory,,,,Optional,Mandatory,Optional,Forbid,Forbid,Optional,Optional,Optional,Optional,Forbid,Mandatory,Mandatory,Optional
Thiết bị giải trí ngoài trời & thư giãn/Đạp xe/Kid's Bikes & Accessories/Xe đạp,,Mandatory,Mandatory,Mandatory,,,,,,,,,,,,,,Mandatory,,,,,Mandatory,Mandatory,,,,Optional,Mandatory,Optional,Forbid,Forbid,Optional,Optional,Optional,Optional,Forbid,Mandatory,Mandatory,Optional
Thiết bị giải trí ngoài trời & thư giãn/Đạp xe/Components & Parts/Bánh xe,,Mandatory,Mandatory,Mandatory,,,,,,,,,,,,,,Mandatory,,,,,Mandatory,Mandatory,,,,Optional,Mandatory,Optional,Forbid,Forbid,Optional,Optional,Optional,Optional,Forbid,Mandatory,Mandatory,Optional
Thiết bị giải trí ngoài trời & thư giãn/Đạp xe/Components & Parts/Lốp,,Mandatory,Mandatory,Mandatory,,,,,,,,,,,,,,Mandatory,,,,,Mandatory,Mandatory,,,,Optional,Mandatory,Optional,Forbid,Forbid,Optional,Optional,Optional,Optional,Forbid,Mandatory,Mandatory,Optional
Thiết bị giải trí ngoài trời & thư giãn/Đạp xe/Components & Parts/Ruột xe,,Mandatory,Mandatory,Mandatory,,,,,,,,,,,,,,Mandatory,,,,,Mandatory,Mandatory,,,,Optional,Mandatory,Optional,Forbid,Forbid,Optional,Optional,Optional,Optional,Forbid,Mandatory,Mandatory,Optional
Thiết bị giải trí ngoài trời & thư giãn/Đạp xe/Components & Parts/Phuộc,,Mandatory,Mandatory,Mandatory,,,,,,,,,,,,,,Mandatory,,,,,Mandatory,Mandatory,,,,Optional,Mandatory,Optional,Forbid,Forbid,Optional,Optional,Optional,Optional,Forbid,Mandatory,Mandatory,Optional
Thiết bị giải trí ngoài trời & thư giãn/Đạp xe/Components & Parts/Cổ lái,,Mandatory,Mandatory,Mandatory,,,,,,,,,,,,,,Mandatory,,,,,Mandatory,Mandatory,,,,Optional,Mandatory,Optional,Forbid,Forbid,Optional,Optional,Optional,Optional,Forbid,Mandatory,Mandatory,Optional
Thiết bị giải trí ngoài trời & thư giãn/Đạp xe/Components & Parts/Nan hoa,,Mandatory,Mandatory,Mandatory,,,,,,,,,,,,,,Mandatory,,,,,Mandatory,Mandatory,,,,Optional,Mandatory,Optional,Forbid,Forbid,Optional,Optional,Optional,Optional,Forbid,Mandatory,Mandatory,Optional
Thiết bị giải trí ngoài trời & thư giãn/Đạp xe/Components & Parts/Tay đề,,Mandatory,Mandatory,Mandatory,,,,,,,,,,,,,,Mandatory,,,,,Mandatory,Mandatory,,,,Optional,Mandatory,Optional,Forbid,Forbid,Optional,Optional,Optional,Optional,Forbid,Mandatory,Mandatory,Optional
Thiết bị giải trí ngoài trời & thư giãn/Đạp xe/Components & Parts/Cần gạt số,,Mandatory,Mandatory,Mandatory,,,,,,,,,,,,,,Mandatory,,,,,Mandatory,Mandatory,,,,Optional,Mandatory,Optional,Forbid,Forbid,Optional,Optional,Optional,Optional,Forbid,Mandatory,Mandatory,Optional
Thiết bị giải trí ngoài trời & thư giãn/Đạp xe/Components & Parts/Cọc yên,,Mandatory,Mandatory,Mandatory,,,,,,,,,,,,,,Mandatory,,,,,Mandatory,Mandatory,,,,Optional,Mandatory,Optional,Forbid,Forbid,Optional,Optional,Optional,Optional,Forbid,Mandatory,Mandatory,Optional
Thiết bị giải trí ngoài trời & thư giãn/Đạp xe/Components & Parts/Khóa cốt yên,,Mandatory,Mandatory,Mandatory,,,,,,,,,,,,,,Mandatory,,,,,Mandatory,Mandatory,,,,Optional,Mandatory,Optional,Forbid,Forbid,Optional,Optional,Optional,Optional,Forbid,Mandatory,Mandatory,Optional
Thiết bị giải trí ngoài trời & thư giãn/Đạp xe/Components & Parts/Ốc vít,,Mandatory,Mandatory,Mandatory,,,,,,,,,,,,,,Mandatory,,,,,Mandatory,Mandatory,,,,Optional,Mandatory,Optional,Forbid,Forbid,Optional,Optional,Optional,Optional,Forbid,Mandatory,Mandatory,Optional
Thiết bị giải trí ngoài trời & thư giãn/Đạp xe/Components & Parts/Yên xe,,Mandatory,Mandatory,Mandatory,,,,,,,,,,,,,,Mandatory,,,,,Mandatory,Mandatory,,,,Optional,Mandatory,Optional,Forbid,Forbid,Optional,Optional,Optional,Optional,Forbid,Mandatory,Mandatory,Optional
Thiết bị giải trí ngoài trời & thư giãn/Đạp xe/Components & Parts/Vành xe,,Mandatory,Mandatory,Mandatory,,,,,,,,,,,,,,Mandatory,,,,,Mandatory,Mandatory,,,,Optional,Mandatory,Optional,Forbid,Forbid,Optional,Optional,Optional,Optional,Forbid,Mandatory,Mandatory,Optional
Thiết bị giải trí ngoài trời & thư giãn/Đạp xe/Components & Parts/Chốt gác chân,,Mandatory,Mandatory,Mandatory,,,,,,,,,,,,,,Mandatory,,,,,Mandatory,Mandatory,,,,Optional,Mandatory,Optional,Forbid,Forbid,Optional,Optional,Optional,Optional,Forbid,Mandatory,Mandatory,Optional
Thiết bị giải trí ngoài trời & thư giãn/Đạp xe/Components & Parts/Bàn đạp,,Mandatory,Mandatory,Mandatory,,,,,,,,,,,,,,Mandatory,,,,,Mandatory,Mandatory,,,,Optional,Mandatory,Optional,Forbid,Forbid,Optional,Optional,Optional,Optional,Forbid,Mandatory,Mandatory,Optional
Thiết bị giải trí ngoài trời & thư giãn/Đạp xe/Components & Parts/Chân chống,,Mandatory,Mandatory,Mandatory,,,,,,,,,,,,,,Mandatory,,,,,Mandatory,Mandatory,,,,Optional,Mandatory,Optional,Forbid,Forbid,Optional,Optional,Optional,Optional,Forbid,Mandatory,Mandatory,Optional
Thiết bị giải trí ngoài trời & thư giãn/Đạp xe/Components & Parts/Đùm xe đạp,,Mandatory,Mandatory,Mandatory,,,,,,,,,,,,,,Mandatory,,,,,Mandatory,Mandatory,,,,Optional,Mandatory,Optional,Forbid,Forbid,Optional,Optional,Optional,Optional,Forbid,Mandatory,Mandatory,Optional
Thiết bị giải trí ngoài trời & thư giãn/Đạp xe/Components & Parts/Bộ chén cổ,,Mandatory,Mandatory,Mandatory,,,,,,,,,,,,,,Mandatory,,,,,Mandatory,Mandatory,,,,Optional,Mandatory,Optional,Forbid,Forbid,Optional,Optional,Optional,Optional,Forbid,Mandatory,Mandatory,Optional
Thiết bị giải trí ngoài trời & thư giãn/Đạp xe/Components & Parts/Vòng đệm chén cổ,,Mandatory,Mandatory,Mandatory,,,,,,,,,,,,,,Mandatory,,,,,Mandatory,Mandatory,,,,Optional,Mandatory,Optional,Forbid,Forbid,Optional,Optional,Optional,Optional,Forbid,Mandatory,Mandatory,Optional
Thiết bị giải trí ngoài trời & thư giãn/Đạp xe/Components & Parts/Dây quấn ghi đông,,Mandatory,Mandatory,Mandatory,,,,,,,,,,,,,,Mandatory,,,,,Mandatory,Mandatory,,,,Optional,Mandatory,Optional,Forbid,Forbid,Optional,Optional,Optional,Optional,Forbid,Mandatory,Mandatory,Optional
Thiết bị giải trí ngoài trời & thư giãn/Đạp xe/Components & Parts/Bộ truyền động,,Mandatory,Mandatory,Mandatory,,,,,,,,,,,,,,Mandatory,,,,,Mandatory,Mandatory,,,,Optional,Mandatory,Optional,Forbid,Forbid,Optional,Optional,Optional,Optional,Forbid,Mandatory,Mandatory,Optional
Thiết bị giải trí ngoài trời & thư giãn/Đạp xe/Components & Parts/Bộ chuyển số,,Mandatory,Mandatory,Mandatory,,,,,,,,,,,,,,Mandatory,,,,,Mandatory,Mandatory,,,,Optional,Mandatory,Optional,Forbid,Forbid,Optional,Optional,Optional,Optional,Forbid,Mandatory,Mandatory,Optional
Thiết bị giải trí ngoài trời & thư giãn/Đạp xe/Components & Parts/Bộ giò đĩa,,Mandatory,Mandatory,Mandatory,,,,,,,,,,,,,,Mandatory,,,,,Mandatory,Mandatory,,,,Optional,Mandatory,Optional,Forbid,Forbid,Optional,Optional,Optional,Optional,Forbid,Mandatory,Mandatory,Optional
Thiết bị giải trí ngoài trời & thư giãn/Đạp xe/Components & Parts/Đĩa xích,,Mandatory,Mandatory,Mandatory,,,,,,,,,,,,,,Mandatory,,,,,Mandatory,Mandatory,,,,Optional,Mandatory,Optional,Forbid,Forbid,Optional,Optional,Optional,Optional,Forbid,Mandatory,Mandatory,Optional
Thiết bị giải trí ngoài trời & thư giãn/Đạp xe/Components & Parts/Bộ dẫn xích,,Mandatory,Mandatory,Mandatory,,,,,,,,,,,,,,Mandatory,,,,,Mandatory,Mandatory,,,,Optional,Mandatory,Optional,Forbid,Forbid,Optional,Optional,Optional,Optional,Forbid,Mandatory,Mandatory,Optional
Thiết bị giải trí ngoài trời & thư giãn/Đạp xe/Components & Parts/Líp vặn & líp thả,,Mandatory,Mandatory,Mandatory,,,,,,,,,,,,,,Mandatory,,,,,Mandatory,Mandatory,,,,Optional,Mandatory,Optional,Forbid,Forbid,Optional,Optional,Optional,Optional,Forbid,Mandatory,Mandatory,Optional
Thiết bị giải trí ngoài trời & thư giãn/Đạp xe/Components & Parts/Thắng xe,,Mandatory,Mandatory,Mandatory,,,,,,,,,,,,,,Mandatory,,,,,Mandatory,Mandatory,,,,Optional,Mandatory,Optional,Forbid,Forbid,Optional,Optional,Optional,Optional,Forbid,Mandatory,Mandatory,Optional
Thiết bị giải trí ngoài trời & thư giãn/Đạp xe/Components & Parts/Bộ phận thắng,,Mandatory,Mandatory,Mandatory,,,,,,,,,,,,,,Mandatory,,,,,Mandatory,Mandatory,,,,Optional,Mandatory,Optional,Forbid,Forbid,Optional,Optional,Optional,Optional,Forbid,Mandatory,Mandatory,Optional
Thiết bị giải trí ngoài trời & thư giãn/Đạp xe/Components & Parts/Trục giữa,,Mandatory,Mandatory,Mandatory,,,,,,,,,,,,,,Mandatory,,,,,Mandatory,Mandatory,,,,Optional,Mandatory,Optional,Forbid,Forbid,Optional,Optional,Optional,Optional,Forbid,Mandatory,Mandatory,Optional
Thiết bị giải trí ngoài trời & thư giãn/Đạp xe/Components & Parts/Khung xe đạp,,Mandatory,Mandatory,Mandatory,,,,,,,,,,,,,,Mandatory,,,,,Mandatory,Mandatory,,,,Optional,Mandatory,Optional,Forbid,Forbid,Optional,Optional,Optional,Optional,Forbid,Mandatory,Mandatory,Optional
Thiết bị giải trí ngoài trời & thư giãn/Đạp xe/Components & Parts/Pin,,Mandatory,Mandatory,Mandatory,,,,,,,,,,,,,,Mandatory,,,,,Mandatory,Mandatory,,,,Optional,Mandatory,Optional,Forbid,Forbid,Optional,Optional,Optional,Optional,Forbid,Mandatory,Mandatory,Optional
Thiết bị giải trí ngoài trời & thư giãn/Đạp xe/Bike Tools & Equipment/Giá đỡ,,Mandatory,Mandatory,Mandatory,,,,,,,,,,,,,,Mandatory,,,,,Mandatory,Mandatory,,,,Optional,Mandatory,Optional,Forbid,Forbid,Optional,Optional,Optional,Optional,Forbid,Mandatory,Mandatory,Optional
Thiết bị giải trí ngoài trời & thư giãn/Đạp xe/Bike Tools & Equipment/Bộ dụng cụ vá lốp xe,,Mandatory,Mandatory,Mandatory,,,,,,,,,,,,,,Mandatory,,,,,Mandatory,Mandatory,,,,Optional,Mandatory,Optional,Forbid,Forbid,Optional,Optional,Optional,Optional,Forbid,Mandatory,Mandatory,Optional
Thiết bị giải trí ngoài trời & thư giãn/Đạp xe/Bike Tools & Equipment/Bộ dụng cụ,,Mandatory,Mandatory,Mandatory,,,,,,,,,,,,,,Mandatory,,,,,Mandatory,Mandatory,,,,Optional,Mandatory,Optional,Forbid,Forbid,Optional,Optional,Optional,Optional,Forbid,Mandatory,Mandatory,Optional
Thiết bị giải trí ngoài trời & thư giãn/Đạp xe/Bike Tools & Equipment/Dầu,,Mandatory,Mandatory,Mandatory,,,,,,,,,,,,,,Mandatory,,,,,Mandatory,Mandatory,,,,Optional,Mandatory,Optional,Forbid,Forbid,Optional,Optional,Optional,Optional,Forbid,Mandatory,Mandatory,Optional
Thiết bị giải trí ngoài trời & thư giãn/Đạp xe/Bike Tools & Equipment/Dụng cụ đa năng,,Mandatory,Mandatory,Mandatory,,,,,,,,,,,,,,Mandatory,,,,,Mandatory,Mandatory,,,,Optional,Mandatory,Optional,Forbid,Forbid,Optional,Optional,Optional,Optional,Forbid,Mandatory,Mandatory,Optional
Thiết bị giải trí ngoài trời & thư giãn/Đạp xe/Bike Tools & Equipment/Dụng cụ cầm tay,,Mandatory,Mandatory,Mandatory,,,,,,,,,,,,,,Mandatory,,,,,Mandatory,Mandatory,,,,Optional,Mandatory,Optional,Forbid,Forbid,Optional,Optional,Optional,Optional,Forbid,Mandatory,Mandatory,Optional
Thiết bị giải trí ngoài trời & thư giãn/Đạp xe/Bike Tools & Equipment/Dầu mỡ bôi trơn,,Mandatory,Mandatory,Mandatory,,,,,,,,,,,,,,Mandatory,,,,,Mandatory,Mandatory,,,,Optional,Mandatory,Optional,Forbid,Forbid,Optional,Optional,Optional,Optional,Forbid,Mandatory,Mandatory,Optional
Thiết bị giải trí ngoài trời & thư giãn/Đạp xe/Bike Tools & Equipment/Dung dịch rửa xe,,Mandatory,Mandatory,Mandatory,,,,,,,,,,,,,,Mandatory,,,,,Mandatory,Mandatory,,,,Optional,Mandatory,Optional,Forbid,Forbid,Optional,Optional,Optional,Optional,Forbid,Mandatory,Mandatory,Optional
Thiết bị giải trí ngoài trời & thư giãn/Đạp xe/Bikes/Xe đạp đôi,,Mandatory,Mandatory,Mandatory,,,,,,,,,,,,,,Mandatory,,,,,Mandatory,Mandatory,,,,Optional,Mandatory,Optional,Forbid,Forbid,Optional,Optional,Optional,Optional,Forbid,Mandatory,Mandatory,Optional
Thiết bị giải trí ngoài trời & thư giãn/Đạp xe/Bikes/Xe đạp đường trường,,Mandatory,Mandatory,Mandatory,,,,,,,,,,,,,,Mandatory,,,,,Mandatory,Mandatory,,,,Optional,Mandatory,Optional,Forbid,Forbid,Optional,Optional,Optional,Optional,Forbid,Mandatory,Mandatory,Optional
Thiết bị giải trí ngoài trời & thư giãn/Đạp xe/Bikes/Xe đạp nằm,,Mandatory,Mandatory,Mandatory,,,,,,,,,,,,,,Mandatory,,,,,Mandatory,Mandatory,,,,Optional,Mandatory,Optional,Forbid,Forbid,Optional,Optional,Optional,Optional,Forbid,Mandatory,Mandatory,Optional
Thiết bị giải trí ngoài trời & thư giãn/Đạp xe/Bikes/Xe đạp leo núi,,Mandatory,Mandatory,Mandatory,,,,,,,,,,,,,,Mandatory,,,,,Mandatory,Mandatory,,,,Optional,Mandatory,Optional,Forbid,Forbid,Optional,Optional,Optional,Optional,Forbid,Mandatory,Mandatory,Optional
Thiết bị giải trí ngoài trời & thư giãn/Đạp xe/Bikes/Xe đạp hybrid,,Mandatory,Mandatory,Mandatory,,,,,,,,,,,,,,Mandatory,,,,,Mandatory,Mandatory,,,,Optional,Mandatory,Optional,Forbid,Forbid,Optional,Optional,Optional,Optional,Forbid,Mandatory,Mandatory,Optional
Thiết bị giải trí ngoài trời & thư giãn/Đạp xe/Bikes/Xe đạp gấp,,Mandatory,Mandatory,Mandatory,,,,,,,,,,,,,,Mandatory,,,,,Mandatory,Mandatory,,,,Optional,Mandatory,Optional,Forbid,Forbid,Optional,Optional,Optional,Optional,Forbid,Mandatory,Mandatory,Optional
Thiết bị giải trí ngoài trời & thư giãn/Đạp xe/Bikes/Xe đạp dã ngoại,,Mandatory,Mandatory,Mandatory,,,,,,,,,,,,,,Mandatory,,,,,Mandatory,Mandatory,,,,Optional,Mandatory,Optional,Forbid,Forbid,Optional,Optional,Optional,Optional,Forbid,Mandatory,Mandatory,Optional
Thiết bị giải trí ngoài trời & thư giãn/Đạp xe/Bikes/Xe đạp thoải mái,,Mandatory,Mandatory,Mandatory,,,,,,,,,,,,,,Mandatory,,,,,Mandatory,Mandatory,,,,Optional,Mandatory,Optional,Forbid,Forbid,Optional,Optional,Optional,Optional,Forbid,Mandatory,Mandatory,Optional
Thiết bị giải trí ngoài trời & thư giãn/Đạp xe/Bikes/Xe đạp BMX,,Mandatory,Mandatory,Mandatory,,,,,,,,,,,,,,Mandatory,,,,,Mandatory,Mandatory,,,,Optional,Mandatory,Optional,Forbid,Forbid,Optional,Optional,Optional,Optional,Forbid,Mandatory,Mandatory,Optional
Thiết bị giải trí ngoài trời & thư giãn/Đạp xe/Accessories/Nắp chụp van,,Mandatory,Mandatory,Mandatory,,,,,,,,,,,,,,Mandatory,,,,,Mandatory,Mandatory,,,,Optional,Mandatory,Optional,Forbid,Forbid,Optional,Optional,Optional,Optional,Forbid,Mandatory,Mandatory,Optional
Thiết bị giải trí ngoài trời & thư giãn/Đạp xe/Accessories/Kẹp quần xe đạp,,Mandatory,Mandatory,Mandatory,,,,,,,,,,,,,,Mandatory,,,,,Mandatory,Mandatory,,,,Optional,Mandatory,Optional,Forbid,Forbid,Optional,Optional,Optional,Optional,Forbid,Mandatory,Mandatory,Optional
Thiết bị giải trí ngoài trời & thư giãn/Đạp xe/Accessories/Bánh phụ tập đi xe đạp,,Mandatory,Mandatory,Mandatory,,,,,,,,,,,,,,Mandatory,,,,,Mandatory,Mandatory,,,,Optional,Mandatory,Optional,Forbid,Forbid,Optional,Optional,Optional,Optional,Forbid,Mandatory,Mandatory,Optional
Thiết bị giải trí ngoài trời & thư giãn/Đạp xe/Accessories/Xe moóc & xe kéo,,Mandatory,Mandatory,Mandatory,,,,,,,,,,,,,,Mandatory,,,,,Mandatory,Mandatory,,,,Optional,Mandatory,Optional,Forbid,Forbid,Optional,Optional,Optional,Optional,Forbid,Mandatory,Mandatory,Optional
Thiết bị giải trí ngoài trời & thư giãn/Đạp xe/Accessories/Bọc yên xe đạp,,Mandatory,Mandatory,Mandatory,,,,,,,,,,,,,,Mandatory,,,,,Mandatory,Mandatory,,,,Optional,Mandatory,Optional,Forbid,Forbid,Optional,Optional,Optional,Optional,Forbid,Mandatory,Mandatory,Optional
Thiết bị giải trí ngoài trời & thư giãn/Đạp xe/Accessories/Băng dán vành xe đạp,,Mandatory,Mandatory,Mandatory,,,,,,,,,,,,,,Mandatory,,,,,Mandatory,Mandatory,,,,Optional,Mandatory,Optional,Forbid,Forbid,Optional,Optional,Optional,Optional,Forbid,Mandatory,Mandatory,Optional
Thiết bị giải trí ngoài trời & thư giãn/Đạp xe/Accessories/Thiết bị phản quang,,Mandatory,Mandatory,Mandatory,,,,,,,,,,,,,,Mandatory,,,,,Mandatory,Mandatory,,,,Optional,Mandatory,Optional,Forbid,Forbid,Optional,Optional,Optional,Optional,Forbid,Mandatory,Mandatory,Optional
Thiết bị giải trí ngoài trời & thư giãn/Đạp xe/Accessories/Giá treo xe đạp sau ô tô,,Mandatory,Mandatory,Mandatory,,,,,,,,,,,,,,Mandatory,,,,,Mandatory,Mandatory,,,,Optional,Mandatory,Optional,Forbid,Forbid,Optional,Optional,Optional,Optional,Forbid,Mandatory,Mandatory,Optional
Thiết bị giải trí ngoài trời & thư giãn/Đạp xe/Accessories/Kệ dựng & giá đỡ,,Mandatory,Mandatory,Mandatory,,,,,,,,,,,,,,Mandatory,,,,,Mandatory,Mandatory,,,,Optional,Mandatory,Optional,Forbid,Forbid,Optional,Optional,Optional,Optional,Forbid,Mandatory,Mandatory,Optional
Thiết bị giải trí ngoài trời & thư giãn/Đạp xe/Accessories/Khóa cốt yên xe đạp,,Mandatory,Mandatory,Mandatory,,,,,,,,,,,,,,Mandatory,,,,,Mandatory,Mandatory,,,,Optional,Mandatory,Optional,Forbid,Forbid,Optional,Optional,Optional,Optional,Forbid,Mandatory,Mandatory,Optional
Thiết bị giải trí ngoài trời & thư giãn/Đạp xe/Accessories/Ống bơm,,Mandatory,Mandatory,Mandatory,,,,,,,,,,,,,,Mandatory,,,,,Mandatory,Mandatory,,,,Optional,Mandatory,Optional,Forbid,Forbid,Optional,Optional,Optional,Optional,Forbid,Mandatory,Mandatory,Optional
Thiết bị giải trí ngoài trời & thư giãn/Đạp xe/Accessories/Khóa móc treo,,Mandatory,Mandatory,Mandatory,,,,,,,,,,,,,,Mandatory,,,,,Mandatory,Mandatory,,,,Optional,Mandatory,Optional,Forbid,Forbid,Optional,Optional,Optional,Optional,Forbid,Mandatory,Mandatory,Optional
Thiết bị giải trí ngoài trời & thư giãn/Đạp xe/Accessories/Ổ khóa,,Mandatory,Mandatory,Mandatory,,,,,,,,,,,,,,Mandatory,,,,,Mandatory,Mandatory,,,,Optional,Mandatory,Optional,Forbid,Forbid,Optional,Optional,Optional,Optional,Forbid,Mandatory,Mandatory,Optional
Thiết bị giải trí ngoài trời & thư giãn/Đạp xe/Accessories/Bộ phận & phụ kiện chiếu sáng,,Mandatory,Mandatory,Mandatory,,,,,,,,,,,,,,Mandatory,,,,,Mandatory,Mandatory,,,,Optional,Mandatory,Optional,Forbid,Forbid,Optional,Optional,Optional,Optional,Forbid,Mandatory,Mandatory,Optional
Thiết bị giải trí ngoài trời & thư giãn/Đạp xe/Accessories/Máy đo nhịp tim,,Mandatory,Mandatory,Mandatory,,,,,,,,,,,,,,Mandatory,,,,,Mandatory,Mandatory,,,,Optional,Mandatory,Optional,Forbid,Forbid,Optional,Optional,Optional,Optional,Forbid,Mandatory,Mandatory,Optional
Thiết bị giải trí ngoài trời & thư giãn/Đạp xe/Accessories/Bộ định vị GPS,,Mandatory,Mandatory,Mandatory,,,,,,,,,,,,,,Mandatory,,,,,Mandatory,Mandatory,,,,Optional,Mandatory,Optional,Forbid,Forbid,Optional,Optional,Optional,Optional,Forbid,Mandatory,Mandatory,Optional
Thiết bị giải trí ngoài trời & thư giãn/Đạp xe/Accessories/Dè chắn bùn,,Mandatory,Mandatory,Mandatory,,,,,,,,,,,,,,Mandatory,,,,,Mandatory,Mandatory,,,,Optional,Mandatory,Optional,Forbid,Forbid,Optional,Optional,Optional,Optional,Forbid,Mandatory,Mandatory,Optional
Thiết bị giải trí ngoài trời & thư giãn/Đạp xe/Accessories/Máy tính gắn xe đạp,,Mandatory,Mandatory,Mandatory,,,,,,,,,,,,,,Mandatory,,,,,Mandatory,Mandatory,,,,Optional,Mandatory,Optional,Forbid,Forbid,Optional,Optional,Optional,Optional,Forbid,Mandatory,Mandatory,Optional
Thiết bị giải trí ngoài trời & thư giãn/Đạp xe/Accessories/Bình nước,,Mandatory,Mandatory,Mandatory,,,,,,,,,,,,,,Mandatory,,,,,Mandatory,Mandatory,,,,Optional,Mandatory,Optional,Forbid,Forbid,Optional,Optional,Optional,Optional,Forbid,Mandatory,Mandatory,Optional
Thiết bị giải trí ngoài trời & thư giãn/Đạp xe/Accessories/Giá đỡ bình nước,,Mandatory,Mandatory,Mandatory,,,,,,,,,,,,,,Mandatory,,,,,Mandatory,Mandatory,,,,Optional,Mandatory,Optional,Forbid,Forbid,Optional,Optional,Optional,Optional,Forbid,Mandatory,Mandatory,Optional
Thiết bị giải trí ngoài trời & thư giãn/Đạp xe/Accessories/Xe đạp tập thể dục,,Mandatory,Mandatory,Mandatory,,,,,,,,,,,,,,Mandatory,,,,,Mandatory,Mandatory,,,,Optional,Mandatory,Optional,Forbid,Forbid,Optional,Optional,Optional,Optional,Forbid,Mandatory,Mandatory,Optional
Thiết bị giải trí ngoài trời & thư giãn/Đạp xe/Accessories/Phụ kiện xe đạp tập thể dục,,Mandatory,Mandatory,Mandatory,,,,,,,,,,,,,,Mandatory,,,,,Mandatory,Mandatory,,,,Optional,Mandatory,Optional,Forbid,Forbid,Optional,Optional,Optional,Optional,Forbid,Mandatory,Mandatory,Optional
Thiết bị giải trí ngoài trời & thư giãn/Đạp xe/Accessories/Phụ kiện bơm xe đạp,,Mandatory,Mandatory,Mandatory,,,,,,,,,,,,,,Mandatory,,,,,Mandatory,Mandatory,,,,Optional,Mandatory,Optional,Forbid,Forbid,Optional,Optional,Optional,Optional,Forbid,Mandatory,Mandatory,Optional
Thiết bị giải trí ngoài trời & thư giãn/Đạp xe/Accessories/Gương xe đạp,,Mandatory,Mandatory,Mandatory,,,,,,,,,,,,,,Mandatory,,,,,Mandatory,Mandatory,,,,Optional,Mandatory,Optional,Forbid,Forbid,Optional,Optional,Optional,Optional,Forbid,Mandatory,Mandatory,Optional
Thiết bị giải trí ngoài trời & thư giãn/Đạp xe/Accessories/Áo trùm xe đạp,,Mandatory,Mandatory,Mandatory,,,,,,,,,,,,,,Mandatory,,,,,Mandatory,Mandatory,,,,Optional,Mandatory,Optional,Forbid,Forbid,Optional,Optional,Optional,Optional,Forbid,Mandatory,Mandatory,Optional
"Thiết bị giải trí ngoài trời & thư giãn/Đạp xe/Accessories/Ba lô, túi xách & giỏ gắn xe đạp",,Mandatory,Mandatory,Mandatory,,,,,,,,,,,,,,Mandatory,,,,,Mandatory,Mandatory,,,,Optional,Mandatory,Optional,Forbid,Forbid,Optional,Optional,Optional,Optional,Forbid,Mandatory,Mandatory,Optional
Thiết bị giải trí ngoài trời & thư giãn/Đạp xe/Accessories/Chuông,,Mandatory,Mandatory,Mandatory,,,,,,,,,,,,,,Mandatory,,,,,Mandatory,Mandatory,,,,Optional,Mandatory,Optional,Forbid,Forbid,Optional,Optional,Optional,Optional,Forbid,Mandatory,Mandatory,Optional